Profile Name,Start Time,Duration,Attributes,Title,Supplemental Video Type,Device Type,Bookmark,Latest Bookmark,Country
Kids,2022-10-14 23:59:32,00:08:28,,Historias de miedo: Volumen 1: Scared Shrekless (Capítulo 2),,Samsung 2016 Hawk-M DTV Smart TV,00:08:28,00:08:28,PE (Peru)
Kids,2022-10-14 23:07:07,00:44:25,,Historias de miedo: Volumen 1: Ver los tres cuentos de miedo de DreamWorks (Capítulo 1),,Samsung 2016 Hawk-M DTV Smart TV,00:54:22,00:54:22,PE (Peru)
Kids,2022-10-14 23:02:50,00:03:53,Autoplayed: user action: User_Interaction; ,Historias de miedo 2: Volumen 2: Reproducir las cuatro: Historias de miedo 2 (Capítulo 1),,Samsung 2016 Hawk-M DTV Smart TV,00:03:53,00:03:53,PE (Peru)
Kids,2022-10-14 22:37:17,00:12:13,,"Masha y el oso: Temporada 4: No hay trabajo, solo carnaval / Feliz Año Nuevo… ¡otra vez! / Melodías españolas (Capítulo 1)",,Samsung 2016 Hawk-M DTV Smart TV,00:12:13,00:12:13,PE (Peru)
Kids,2022-10-14 21:41:54,00:54:50,,La peor bruja: Temporada 1: Día de selección (Capítulo 1),,Samsung 2016 Hawk-M DTV Smart TV,00:54:50,00:54:50,PE (Peru)
Kids,2022-09-29 00:41:43,00:03:20,,"Los Jóvenes Titanes en acción: Temporada 5: Hoyuelitos / Stockton, California (Capítulo 15)",,Samsung CE 2020 Kant-S2 UHD TV Smart TV,00:03:44,00:03:44,PE (Peru)
Kids,2022-09-29 00:31:04,00:10:11,,Los Jóvenes Titanes en acción: Temporada 5: La maldición del Mueve el bote / Los chicos soviéticos (Capítulo 14),,Samsung CE 2020 Kant-S2 UHD TV Smart TV,00:20:27,00:20:27,PE (Peru)
Kids,2022-09-29 00:10:59,00:20:03,Autoplayed: user action: User_Interaction; ,Los Jóvenes Titanes en acción: Temporada 5: El sistema métrico vs. la libertad / La burla (Capítulo 13),,Samsung CE 2020 Kant-S2 UHD TV Smart TV,00:20:23,00:20:23,PE (Peru)
Kids,2022-09-22 05:32:48,00:00:03,Autoplayed: user action: None; ,Los Jóvenes Titanes en acción: Temporada 5: El sistema métrico vs. la libertad / La burla (Capítulo 13),,Samsung 2016 Hawk-M DTV Smart TV,00:00:28,Not latest view,PE (Peru)
Kids,2022-09-22 05:12:14,00:20:30,,Los Jóvenes Titanes en acción: Temporada 5: El fútbol es solo dar palmadas en el trasero y celebrar sin razón / Yo era una gente (Capítulo 12),,Samsung 2016 Hawk-M DTV Smart TV,00:20:55,00:20:55,PE (Peru)
Kids,2022-09-22 04:52:21,00:19:49,,"Los Jóvenes Titanes en acción: Temporada 5: La nostalgia no es un subtítulo para una historia moderna / Ética comercial (guiño, guiño) (Capítulo 11)",,Samsung 2016 Hawk-M DTV Smart TV,00:20:14,00:20:14,PE (Peru)
Kids,2022-09-22 04:32:10,00:20:08,,Los Jóvenes Titanes en acción: Temporada 5: ¿Qué tal es de especial? Espacio (Parte 1) / ¿Qué tal es de especial? Espacio (Parte 2) (Capítulo 10),,Samsung 2016 Hawk-M DTV Smart TV,00:20:32,00:20:32,PE (Peru)
Kids,2022-09-22 04:11:32,00:20:33,,Los Jóvenes Titanes en acción: Temporada 5: Cumplecumpleaños / Grandes cuentos (Capítulo 9),,Samsung 2016 Hawk-M DTV Smart TV,00:20:58,00:20:58,PE (Peru)
Kids,2022-09-22 03:50:17,00:21:11,,Los Jóvenes Titanes en acción: Temporada 5: Ídolo de la Liga de la Justicia: Edición del segundo mejor equipo (Partes 1 y 2) (Capítulo 8),,Samsung 2016 Hawk-M DTV Smart TV,00:21:36,00:21:36,PE (Peru)
Kids,2022-09-22 03:14:55,00:20:13,Autoplayed: user action: User_Interaction; ,Los Jóvenes Titanes en acción: Temporada 5: Los verdaderos orígenes / Equipo monstruo (Capítulo 7),,Samsung 2016 Hawk-M DTV Smart TV,00:20:47,00:20:47,PE (Peru)
Kids,2022-09-22 02:43:32,00:22:32,Autoplayed: user action: User_Interaction; ,Los Jóvenes Titanes en acción: Temporada 5: El poder de los camarones / Me llamo José (Capítulo 6),,Samsung 2016 Hawk-M DTV Smart TV,00:21:13,00:21:13,PE (Peru)
Kids,2022-09-22 02:27:58,00:15:26,,Los Jóvenes Titanes en acción: Temporada 5: Pequeño Elvis / La bacinica (Capítulo 5),,Samsung 2016 Hawk-M DTV Smart TV,00:20:53,00:20:53,PE (Peru)
Kids,2022-09-22 02:21:24,00:05:02,,Los Jóvenes Titanes en acción: Temporada 5: Pequeño Elvis / La bacinica (Capítulo 5),,Samsung 2016 Hawk-M DTV Smart TV,00:05:27,Not latest view,PE (Peru)
Kids,2022-09-22 02:00:45,00:20:32,Autoplayed: user action: User_Interaction; ,Los Jóvenes Titanes en acción: Temporada 5: La pelea / Genio presidente (Capítulo 4),,Samsung 2016 Hawk-M DTV Smart TV,00:20:51,00:20:51,PE (Peru)
Kids,2022-09-22 00:54:41,00:00:03,Autoplayed: user action: None; ,Los Jóvenes Titanes en acción: Temporada 5: La pelea / Genio presidente (Capítulo 4),,Samsung CE 2020 Kant-S2 UHD TV Smart TV,00:00:28,Not latest view,PE (Peru)
Kids,2022-09-22 00:42:14,00:12:24,Autoplayed: user action: User_Interaction; ,Los Jóvenes Titanes en acción: Temporada 5: Remodelación en la torre / Diversión cuántica (Capítulo 3),,Samsung CE 2020 Kant-S2 UHD TV Smart TV,00:21:13,00:21:13,PE (Peru)
Kids,2022-09-19 18:52:02,00:08:31,Autoplayed: user action: User_Interaction; ,Los Jóvenes Titanes en acción: Temporada 5: Remodelación en la torre / Diversión cuántica (Capítulo 3),,Samsung CE 2020 Kant-S2 UHD TV Smart TV,00:08:49,Not latest view,PE (Peru)
Kids,2022-09-19 18:50:32,00:01:16,Autoplayed: user action: None; ,Los Jóvenes Titanes en acción: Temporada 5: Remodelación en la torre / Diversión cuántica (Capítulo 3),,Samsung CE 2020 Kant-S2 UHD TV Smart TV,00:01:40,Not latest view,PE (Peru)
Kids,2022-09-19 18:29:39,00:20:50,,Los Jóvenes Titanes en acción: Temporada 5: Kabooms (Parte 1) / Kabooms (Parte 2) (Capítulo 2),,Samsung CE 2020 Kant-S2 UHD TV Smart TV,00:21:14,00:21:14,PE (Peru)
Kids,2022-09-19 18:27:42,00:01:55,Autoplayed: user action: User_Interaction; ,Los Jóvenes Titanes en acción: Temporada 5: La parisina / El pollo en la cuna (Capítulo 1),,Samsung CE 2020 Kant-S2 UHD TV Smart TV,00:20:20,00:20:20,PE (Peru)
Kids,2022-09-19 18:26:48,00:00:17,Autoplayed: user action: None; ,Hotel Transylvania 3: Summer Vacation_hook_primary_16x9,HOOK,Samsung CE 2020 Kant-S2 UHD TV Smart TV,00:00:17,00:00:17,PE (Peru)
Kids,2022-09-19 18:26:29,00:00:10,Autoplayed: user action: None; ,Matilda_hook_02_16x9,HOOK,Samsung CE 2020 Kant-S2 UHD TV Smart TV,00:00:10,00:00:10,PE (Peru)
Kids,2022-09-18 23:24:41,00:34:13,,Emoji: La película,,Samsung CE 2020 Kant-S2 UHD TV Smart TV,01:19:15,01:19:15,PE (Peru)
Kids,2022-09-18 22:36:57,00:46:35,Autoplayed: user action: User_Interaction; ,Emoji: La película,,Samsung CE 2020 Kant-S2 UHD TV Smart TV,00:46:35,Not latest view,PE (Peru)
Kids,2022-09-13 23:13:33,00:18:07,Autoplayed: user action: User_Interaction; ,Los Jóvenes Titanes en acción: Temporada 5: La parisina / El pollo en la cuna (Capítulo 1),,Samsung CE 2020 Kant-S2 UHD TV Smart TV,00:18:26,Not latest view,PE (Peru)
Kids,2022-09-13 23:04:41,00:02:32,,Tráiler: Monstruo del mar,TRAILER,Samsung CE 2020 Kant-S2 UHD TV Smart TV,00:02:32,00:02:32,PE (Peru)
Kids,2022-09-13 23:04:04,00:00:35,,Miraculous: Tales of Ladybug & Cat Noir: Season 1_hook_primary_16x9,HOOK,Samsung CE 2020 Kant-S2 UHD TV Smart TV,00:00:35,00:00:35,PE (Peru)
Kids,2022-09-13 23:02:38,00:01:23,Autoplayed: user action: None; ,Temporada 2 (Tráiler): ¡El show de Cuphead!,TRAILER,Samsung CE 2020 Kant-S2 UHD TV Smart TV,00:01:23,00:01:23,PE (Peru)
Kids,2022-09-13 21:28:34,01:32:57,Autoplayed: user action: User_Interaction; ,Matilda,,Samsung CE 2020 Kant-S2 UHD TV Smart TV,01:32:57,01:32:57,PE (Peru)
Magaly,2022-11-03 01:33:56,00:00:03,Autoplayed: user action: None; ,New Amsterdam: Temporada 1: Seis o siete minutos (Capítulo 10),,Samsung CE 2020 Kant-S2 UHD TV Smart TV,00:00:36,00:00:36,PE (Peru)
Magaly,2022-11-03 00:51:35,00:42:19,,New Amsterdam: Temporada 1: Lo que sea necesario (Capítulo 9),,Samsung CE 2020 Kant-S2 UHD TV Smart TV,00:42:19,00:42:19,PE (Peru)
Magaly,2022-11-03 00:09:14,00:42:20,,New Amsterdam: Temporada 1: Tres puntos (Capítulo 8),,Samsung CE 2020 Kant-S2 UHD TV Smart TV,00:42:20,00:42:20,PE (Peru)
Magaly,2022-11-02 23:42:53,00:25:47,,New Amsterdam: Temporada 1: Efecto dominó (Capítulo 7),,Samsung CE 2020 Kant-S2 UHD TV Smart TV,00:42:22,00:42:22,PE (Peru)
Magaly,2022-11-02 18:10:28,00:24:44,Autoplayed: user action: User_Interaction; ,New Amsterdam: Temporada 1: Efecto dominó (Capítulo 7),,Samsung CE 2020 Kant-S2 UHD TV Smart TV,00:24:45,Not latest view,PE (Peru)
Magaly,2022-11-02 17:22:59,00:42:19,Autoplayed: user action: User_Interaction; ,New Amsterdam: Temporada 1: Antropoceno (Capítulo 6),,Samsung CE 2020 Kant-S2 UHD TV Smart TV,00:42:20,00:42:20,PE (Peru)
Magaly,2022-11-02 16:15:37,00:42:12,Autoplayed: user action: User_Interaction; ,New Amsterdam: Temporada 1: Cavitación (Capítulo 5),,Samsung CE 2020 Kant-S2 UHD TV Smart TV,00:42:13,00:42:13,PE (Peru)
Magaly,2022-11-02 16:09:42,00:05:52,Autoplayed: user action: User_Interaction; ,New Amsterdam: Temporada 1: Límites (Capítulo 4),,Samsung CE 2020 Kant-S2 UHD TV Smart TV,00:42:13,00:42:13,PE (Peru)
Magaly,2022-11-02 04:24:49,00:36:22,,New Amsterdam: Temporada 1: Límites (Capítulo 4),,Samsung 2016 Hawk-M DTV Smart TV,00:36:24,Not latest view,PE (Peru)
Magaly,2022-11-02 04:04:09,00:20:32,Autoplayed: user action: User_Interaction; ,New Amsterdam: Temporada 1: Hasta el último minuto (Capítulo 3),,Samsung 2016 Hawk-M DTV Smart TV,00:42:23,00:42:23,PE (Peru)
Magaly,2022-11-02 04:03:25,00:00:12,Autoplayed: user action: None; ,Salvaje es el viento (Clip 2): Salvaje es el viento,HOOK,Samsung 2016 Hawk-M DTV Smart TV,00:00:12,00:00:12,PE (Peru)
Magaly,2022-11-01 20:49:41,00:21:53,,New Amsterdam: Temporada 1: Hasta el último minuto (Capítulo 3),,Samsung CE 2020 Kant-S2 UHD TV Smart TV,00:21:53,Not latest view,PE (Peru)
Magaly,2022-11-01 20:03:53,00:42:21,Autoplayed: user action: User_Interaction; ,New Amsterdam: Temporada 1: Rituales (Capítulo 2),,Samsung CE 2020 Kant-S2 UHD TV Smart TV,00:42:22,00:42:22,PE (Peru)
Magaly,2022-11-01 19:11:45,00:42:23,Autoplayed: user action: User_Interaction; ,New Amsterdam: Temporada 1: Piloto (Capítulo 1),,Samsung CE 2020 Kant-S2 UHD TV Smart TV,00:42:24,00:42:24,PE (Peru)
Magaly,2022-11-01 19:10:10,00:00:08,Autoplayed: user action: None; ,The Equalizer_hook_primary_16x9,HOOK,Samsung CE 2020 Kant-S2 UHD TV Smart TV,00:00:08,00:00:08,PE (Peru)
Magaly,2022-11-01 19:08:50,00:00:40,Autoplayed: user action: None; ,Tráiler: Salvaje es el viento,TRAILER,Samsung CE 2020 Kant-S2 UHD TV Smart TV,00:00:40,00:00:40,PE (Peru)
Magaly,2022-11-01 17:50:29,01:18:19,,El Ángel de la Muerte,,Samsung CE 2020 Kant-S2 UHD TV Smart TV,01:57:10,01:57:10,PE (Peru)
Magaly,2022-11-01 16:08:41,00:48:40,,El Ángel de la Muerte,,Samsung CE 2020 Kant-S2 UHD TV Smart TV,00:38:54,Not latest view,PE (Peru)
Magaly,2022-11-01 16:08:24,00:00:13,Autoplayed: user action: None; ,Tráiler: El Ángel de la Muerte,TRAILER,Samsung CE 2020 Kant-S2 UHD TV Smart TV,00:00:13,00:00:13,PE (Peru)
Magaly,2022-11-01 16:08:16,00:00:04,Autoplayed: user action: None; ,Temporada 1 (Clip): Desde dentro,HOOK,Samsung CE 2020 Kant-S2 UHD TV Smart TV,00:00:04,00:00:04,PE (Peru)
Magaly,2022-10-30 10:51:21,00:21:33,Autoplayed: user action: User_Interaction; ,El asesino de mi hija,,Samsung 2016 Hawk-M DTV Smart TV,00:21:34,00:21:34,PE (Peru)
Magaly,2022-10-30 06:05:47,00:02:33,,Tráiler: El Ángel de la Muerte,TRAILER,Samsung 2016 Hawk-M DTV Smart TV,00:02:33,Not latest view,PE (Peru)
Magaly,2022-10-23 22:37:27,01:46:55,,La chica más afortunada del mundo,,Samsung CE 2020 Kant-S2 UHD TV Smart TV,01:46:55,01:46:55,PE (Peru)
Magaly,2022-10-23 22:37:02,00:00:21,Autoplayed: user action: None; ,Avance 2: La chica más afortunada del mundo,TEASER_TRAILER,Samsung CE 2020 Kant-S2 UHD TV Smart TV,00:00:21,00:00:21,PE (Peru)
Magaly,2022-10-23 22:36:50,00:00:08,Autoplayed: user action: None; ,Esposa de alquiler (Clip 9): Esposa de alquiler,HOOK,Samsung CE 2020 Kant-S2 UHD TV Smart TV,00:00:08,00:00:08,PE (Peru)
Magaly,2022-10-23 22:36:17,00:00:30,Autoplayed: user action: None; ,Silent Night_hook_primary_16x9,HOOK,Samsung CE 2020 Kant-S2 UHD TV Smart TV,00:00:30,00:00:30,PE (Peru)
Magaly,2022-10-23 22:35:58,00:00:06,Autoplayed: user action: None; ,Una chica del siglo XX (Clip): Una chica del siglo XX,HOOK,Samsung CE 2020 Kant-S2 UHD TV Smart TV,00:00:06,00:00:06,PE (Peru)
Magaly,2022-10-23 22:35:37,00:00:18,Autoplayed: user action: None; ,Tráiler 2: La Escuela del Bien y del Mal,TRAILER,Samsung CE 2020 Kant-S2 UHD TV Smart TV,00:00:18,00:00:18,PE (Peru)
Magaly,2022-10-23 22:35:13,00:00:04,,"Vigilante: Temporada 1: Bienvenidos, amigos (Capítulo 1)",,Samsung CE 2020 Kant-S2 UHD TV Smart TV,00:00:04,00:00:04,PE (Peru)
Magaly,2022-10-23 22:34:29,00:00:41,Autoplayed: user action: None; ,Temporada 1 (Tráiler): Vigilante,TRAILER,Samsung CE 2020 Kant-S2 UHD TV Smart TV,00:00:41,00:00:41,PE (Peru)
Magaly,2022-10-23 20:40:21,01:53:11,,El extraño,,Samsung CE 2020 Kant-S2 UHD TV Smart TV,01:53:11,01:53:11,PE (Peru)
Magaly,2022-10-23 20:40:06,00:00:07,Autoplayed: user action: None; ,El extraño (Clip): El extraño,HOOK,Samsung CE 2020 Kant-S2 UHD TV Smart TV,00:00:07,00:00:07,PE (Peru)
Magaly,2022-10-17 00:59:58,00:00:04,Autoplayed: user action: None; ,DAHMER: Monstruo: La historia de Jeffrey Dahmer: El cuco (Capítulo 9),,Samsung CE 2020 Kant-S2 UHD TV Smart TV,00:00:14,00:00:14,PE (Peru)
Magaly,2022-10-17 00:16:19,00:43:36,,DAHMER: Monstruo: La historia de Jeffrey Dahmer: Lionel (Capítulo 8),,Samsung CE 2020 Kant-S2 UHD TV Smart TV,00:43:46,00:43:46,PE (Peru)
Magaly,2022-10-16 23:34:16,00:41:59,,DAHMER: Monstruo: La historia de Jeffrey Dahmer: Casandra (Capítulo 7),,Samsung CE 2020 Kant-S2 UHD TV Smart TV,00:42:09,00:42:09,PE (Peru)
Magaly,2022-10-16 22:41:59,00:52:14,,DAHMER: Monstruo: La historia de Jeffrey Dahmer: Silenciado (Capítulo 6),,Samsung CE 2020 Kant-S2 UHD TV Smart TV,00:52:14,00:52:14,PE (Peru)
Magaly,2022-10-16 22:35:18,00:06:02,,DAHMER: Monstruo: La historia de Jeffrey Dahmer: Hacer un Dahmer (Capítulo 3),,Samsung CE 2020 Kant-S2 UHD TV Smart TV,00:06:02,00:06:02,PE (Peru)
Magaly,2022-10-16 22:35:03,00:00:12,Autoplayed: user action: None; ,Monstruo: La historia de Jeffrey Dahmer (Clip 14): DAHMER,HOOK,Samsung CE 2020 Kant-S2 UHD TV Smart TV,00:00:12,00:00:12,PE (Peru)
Magaly,2022-10-16 21:10:19,01:23:59,,Shrek 2,,Samsung CE 2020 Kant-S2 UHD TV Smart TV,01:23:59,01:23:59,PE (Peru)
Magaly,2022-10-16 21:10:00,00:00:08,Autoplayed: user action: None; ,Shrek 2_hook_primary_16x9,HOOK,Samsung CE 2020 Kant-S2 UHD TV Smart TV,00:00:08,00:00:08,PE (Peru)
Magaly,2022-10-16 21:09:13,00:00:04,Autoplayed: user action: None; ,Tráiler: Misterio,TRAILER,Samsung CE 2020 Kant-S2 UHD TV Smart TV,00:00:04,00:00:04,PE (Peru)
Magaly,2022-10-16 19:20:30,01:23:57,,Shrek,,Samsung CE 2020 Kant-S2 UHD TV Smart TV,01:23:57,01:23:57,PE (Peru)
Magaly,2022-10-16 19:20:15,00:00:12,Autoplayed: user action: None; ,Shrek_hook_primary_16x9,HOOK,Samsung CE 2020 Kant-S2 UHD TV Smart TV,00:00:12,00:00:12,PE (Peru)
Magaly,2022-10-16 19:18:04,00:01:33,Autoplayed: user action: None; ,Tráiler: Misterio,TRAILER,Samsung CE 2020 Kant-S2 UHD TV Smart TV,00:01:33,Not latest view,PE (Peru)
Magaly,2022-10-16 17:28:19,01:49:42,,Monstruo del mar,,Samsung CE 2020 Kant-S2 UHD TV Smart TV,01:49:42,01:49:42,PE (Peru)
Magaly,2022-10-16 17:28:10,00:00:07,Autoplayed: user action: None; ,Tráiler: Monstruo del mar,TRAILER,Samsung CE 2020 Kant-S2 UHD TV Smart TV,00:00:07,00:00:07,PE (Peru)
Magaly,2022-10-16 17:27:43,00:00:06,Autoplayed: user action: None; ,Temporada 5 (Clip): Jurassic World: Campamento Cretácico,HOOK,Samsung CE 2020 Kant-S2 UHD TV Smart TV,00:00:06,00:00:06,PE (Peru)
Magaly,2022-10-16 17:27:34,00:00:06,Autoplayed: user action: None; ,El rescate de Ruby (Clip): El rescate de Ruby,HOOK,Samsung CE 2020 Kant-S2 UHD TV Smart TV,00:00:06,00:00:06,PE (Peru)
Magaly,2022-10-16 17:27:06,00:00:06,Autoplayed: user action: None; ,En la mente de un gato (Clip): En la mente de un gato,HOOK,Samsung CE 2020 Kant-S2 UHD TV Smart TV,00:00:06,00:00:06,PE (Peru)
Magaly,2022-10-16 17:26:32,00:00:06,Autoplayed: user action: None; ,Tráiler: Misterio,TRAILER,Samsung CE 2020 Kant-S2 UHD TV Smart TV,00:00:06,Not latest view,PE (Peru)
Magaly,2022-10-16 17:17:12,00:08:37,,Esposa de alquiler,,Samsung CE 2020 Kant-S2 UHD TV Smart TV,00:08:37,00:08:37,PE (Peru)
Magaly,2022-10-16 17:16:54,00:00:15,Autoplayed: user action: None; ,Esposa de alquiler (Clip 9): Esposa de alquiler,HOOK,Samsung CE 2020 Kant-S2 UHD TV Smart TV,00:00:15,Not latest view,PE (Peru)
Magaly,2022-10-16 17:16:43,00:00:06,Autoplayed: user action: None; ,Tráiler: La maldición de Bridge Hollow,TRAILER,Samsung CE 2020 Kant-S2 UHD TV Smart TV,00:00:06,00:00:06,PE (Peru)
Magaly,2022-10-12 05:27:09,01:22:36,Autoplayed: user action: User_Interaction; ,Brian Banks: Nunca es tarde,,Samsung 2016 Hawk-M DTV Smart TV,01:20:27,01:20:27,PE (Peru)
Magaly,2022-10-11 06:29:20,00:50:35,Autoplayed: user action: User_Interaction; ,El empleado nocturno,,Samsung 2016 Hawk-M DTV Smart TV,00:50:35,00:50:35,PE (Peru)
Magaly,2022-10-11 06:27:12,00:00:10,Autoplayed: user action: None; ,Luce,,Samsung 2016 Hawk-M DTV Smart TV,00:00:10,00:00:10,PE (Peru)
Magaly,2022-10-11 06:26:03,00:00:45,Autoplayed: user action: None; ,Cliffhanger Clip: Togo,HOOK,Samsung 2016 Hawk-M DTV Smart TV,00:00:45,00:00:45,PE (Peru)
Magaly,2022-10-10 05:11:01,00:00:30,,Temporada 1 (Tráiler): La gran inundación,TRAILER,Samsung 2016 Hawk-M DTV Smart TV,00:00:30,00:00:30,PE (Peru)
Magaly,2022-10-10 05:08:52,00:02:05,,Miniserie (Tráiler): Conversaciones con asesinos: Las cintas de Jeffrey Dahmer,TRAILER,Samsung 2016 Hawk-M DTV Smart TV,00:02:05,00:02:05,PE (Peru)
Magaly,2022-10-10 05:06:51,00:01:58,Autoplayed: user action: None; ,Tráiler: La chica más afortunada del mundo,TRAILER,Samsung 2016 Hawk-M DTV Smart TV,00:01:58,00:01:58,PE (Peru)
Magaly,2022-10-10 03:29:36,01:37:09,,Los ancianos,,Samsung 2016 Hawk-M DTV Smart TV,01:37:09,01:37:09,PE (Peru)
Magaly,2022-10-10 03:28:59,00:00:31,Autoplayed: user action: None; ,Tráiler: Los ancianos,TRAILER,Samsung 2016 Hawk-M DTV Smart TV,00:00:31,00:00:31,PE (Peru)
Magaly,2022-10-09 17:23:10,00:26:21,Autoplayed: user action: User_Interaction; ,Lou,,Samsung CE 2020 Kant-S2 UHD TV Smart TV,01:41:08,01:41:08,PE (Peru)
Magaly,2022-10-09 16:07:02,01:14:48,Autoplayed: user action: User_Interaction; ,Lou,,Samsung 2016 Hawk-M DTV Smart TV,01:14:48,Not latest view,PE (Peru)
Magaly,2022-10-09 13:25:37,02:14:31,,Prueba de fuego,,Samsung 2016 Hawk-M DTV Smart TV,02:04:43,02:04:43,PE (Peru)
Magaly,2022-10-08 17:13:53,00:44:45,,El asesino de Craigslist,,Samsung CE 2020 Kant-S2 UHD TV Smart TV,00:44:45,00:44:45,PE (Peru)
Magaly,2022-10-08 17:10:37,00:00:43,Autoplayed: user action: None; ,Temporada 1 (Clip): La gran inundación,HOOK,Samsung CE 2020 Kant-S2 UHD TV Smart TV,00:00:43,00:00:43,PE (Peru)
Magaly,2022-10-08 12:58:49,01:22:25,,El teléfono del señor Harrigan,,Samsung 2016 Hawk-M DTV Smart TV,01:37:59,01:37:59,PE (Peru)
Magaly,2022-10-08 05:54:59,00:15:35,Autoplayed: user action: User_Interaction; ,El teléfono del señor Harrigan,,Samsung 2016 Hawk-M DTV Smart TV,00:15:35,Not latest view,PE (Peru)
Magaly,2022-10-08 05:52:26,00:01:09,Autoplayed: user action: None; ,Temporada 1 (Clip): La gran inundación,HOOK,Samsung 2016 Hawk-M DTV Smart TV,00:01:09,Not latest view,PE (Peru)
Magaly,2022-10-01 23:22:24,00:00:25,Autoplayed: user action: None; ,DAHMER: Monstruo: La historia de Jeffrey Dahmer: Hacer un Dahmer (Capítulo 3),,Samsung CE 2020 Kant-S2 UHD TV Smart TV,00:00:30,Not latest view,PE (Peru)
Magaly,2022-10-01 22:33:30,00:48:51,,"DAHMER: Monstruo: La historia de Jeffrey Dahmer: Por favor, no te vayas (Capítulo 2)",,Samsung CE 2020 Kant-S2 UHD TV Smart TV,00:48:56,00:48:56,PE (Peru)
Magaly,2022-10-01 21:47:07,00:46:19,,DAHMER: Monstruo: La historia de Jeffrey Dahmer: Episodio uno (Capítulo 1),,Samsung CE 2020 Kant-S2 UHD TV Smart TV,00:46:19,00:46:19,PE (Peru)
Magaly,2022-10-01 21:46:24,00:00:08,Autoplayed: user action: None; ,Temporada 1 (Tráiler): La emperatriz,TRAILER,Samsung CE 2020 Kant-S2 UHD TV Smart TV,00:00:08,00:00:08,PE (Peru)
Magaly,2022-09-30 21:01:11,00:00:15,Autoplayed: user action: None; ,Corre,,Samsung CE 2020 Kant-S2 UHD TV Smart TV,00:00:15,00:00:15,PE (Peru)
Magaly,2022-09-30 20:45:28,00:14:35,,Viudas,,Samsung CE 2020 Kant-S2 UHD TV Smart TV,01:33:37,01:33:37,PE (Peru)
Magaly,2022-09-26 04:28:32,01:19:06,Autoplayed: user action: User_Interaction; ,Viudas,,Samsung 2016 Hawk-M DTV Smart TV,01:19:06,Not latest view,PE (Peru)
Magaly,2022-09-26 04:16:36,00:02:10,,La última carta de amor,,Samsung 2016 Hawk-M DTV Smart TV,00:02:10,00:02:10,PE (Peru)
Magaly,2022-09-26 03:40:32,00:08:03,,¿Conocen a Joe Black?,,Samsung 2016 Hawk-M DTV Smart TV,00:08:03,00:08:03,PE (Peru)
Magaly,2022-09-26 03:28:23,00:01:29,Autoplayed: user action: None; ,Tráiler: Lou,TRAILER,Samsung 2016 Hawk-M DTV Smart TV,00:01:29,00:01:29,PE (Peru)
Magaly,2022-09-25 19:42:25,00:49:19,Autoplayed: user action: User_Interaction; ,Infidelidad,,Samsung CE 2020 Kant-S2 UHD TV Smart TV,00:54:57,00:54:57,PE (Peru)
Magaly,2022-09-25 17:24:38,01:23:50,,Culpable,,Samsung CE 2020 Kant-S2 UHD TV Smart TV,01:23:50,01:23:50,PE (Peru)
Magaly,2022-09-25 17:24:26,00:00:09,Autoplayed: user action: None; ,Culpable (Clip): Culpable,HOOK,Samsung CE 2020 Kant-S2 UHD TV Smart TV,00:00:09,00:00:09,PE (Peru)
Magaly,2022-09-25 17:24:17,00:00:05,Autoplayed: user action: None; ,Temporada 4 (Tráiler): Manifiesto,TRAILER,Samsung CE 2020 Kant-S2 UHD TV Smart TV,00:00:05,00:00:05,PE (Peru)
Magaly,2022-09-25 17:24:05,00:00:09,Autoplayed: user action: None; ,Tráiler: Lou,TRAILER,Samsung CE 2020 Kant-S2 UHD TV Smart TV,00:00:09,Not latest view,PE (Peru)
Magaly,2022-09-25 17:23:46,00:00:05,,DAHMER: Monstruo: La historia de Jeffrey Dahmer: Episodio uno (Capítulo 1),,Samsung CE 2020 Kant-S2 UHD TV Smart TV,00:00:05,Not latest view,PE (Peru)
Magaly,2022-09-24 17:35:52,00:05:42,Autoplayed: user action: User_Interaction; ,Infidelidad,,Samsung 2016 Hawk-M DTV Smart TV,00:05:42,Not latest view,PE (Peru)
Magaly,2022-09-24 17:34:38,00:00:06,,The Crown (Tráiler),TRAILER,Samsung 2016 Hawk-M DTV Smart TV,00:00:06,00:00:06,PE (Peru)
Magaly,2022-09-24 07:24:39,00:02:45,,The Crown (Tráiler),TRAILER,Samsung 2016 Hawk-M DTV Smart TV,00:02:45,Not latest view,PE (Peru)
Magaly,2022-09-24 07:22:18,00:02:18,,Tráiler: Lou,TRAILER,Samsung 2016 Hawk-M DTV Smart TV,00:02:18,Not latest view,PE (Peru)
Magaly,2022-09-24 07:19:34,00:02:41,,Tráiler: DAHMER,TRAILER,Samsung 2016 Hawk-M DTV Smart TV,00:02:41,00:02:41,PE (Peru)
Magaly,2022-09-24 05:37:37,01:41:50,,La casa de cristal,,Samsung 2016 Hawk-M DTV Smart TV,01:41:50,01:41:50,PE (Peru)
Magaly,2022-09-23 18:58:29,00:00:27,Autoplayed: user action: None; ,Tráiler: DAHMER,TRAILER,Samsung 2016 Hawk-M DTV Smart TV,00:00:27,Not latest view,PE (Peru)
Magaly,2022-09-23 17:09:23,01:44:06,,La casa de cristal,,Samsung 2016 Hawk-M DTV Smart TV,01:41:50,Not latest view,PE (Peru)
Magaly,2022-09-23 12:37:29,01:40:48,,El hombre invisible,,Samsung 2016 Hawk-M DTV Smart TV,01:53:48,01:53:48,PE (Peru)
Magaly,2022-09-23 08:01:20,00:02:18,,Tráiler: Lou,TRAILER,Samsung 2016 Hawk-M DTV Smart TV,00:02:18,Not latest view,PE (Peru)
Magaly,2022-09-23 07:58:31,00:02:45,,The Crown (Tráiler),TRAILER,Samsung 2016 Hawk-M DTV Smart TV,00:02:45,Not latest view,PE (Peru)
Magaly,2022-09-23 07:55:46,00:02:41,,Tráiler: DAHMER,TRAILER,Samsung 2016 Hawk-M DTV Smart TV,00:02:41,Not latest view,PE (Peru)
Magaly,2022-09-23 06:01:19,01:54:10,Autoplayed: user action: User_Interaction; ,El hombre invisible,,Samsung 2016 Hawk-M DTV Smart TV,01:54:10,Not latest view,PE (Peru)
Magaly,2022-09-23 01:32:57,01:51:48,Autoplayed: user action: User_Interaction; ,Garra,,Samsung 2016 Hawk-M DTV Smart TV,01:50:06,01:50:06,PE (Peru)
Magaly,2022-09-23 01:29:30,00:00:21,Autoplayed: user action: None; ,El perfumista (Clip): El perfumista,HOOK,Samsung 2016 Hawk-M DTV Smart TV,00:00:21,00:00:21,PE (Peru)
Magaly,2022-09-23 01:19:58,00:00:34,Autoplayed: user action: User_Interaction; ,Inseparables,,Samsung 2016 Hawk-M DTV Smart TV,00:00:34,00:00:34,PE (Peru)
Magaly,2022-09-23 01:17:34,00:00:51,Autoplayed: user action: None; ,Tráiler: DAHMER,TRAILER,Samsung 2016 Hawk-M DTV Smart TV,00:00:51,Not latest view,PE (Peru)
Magaly,2022-09-22 23:23:43,01:50:15,Autoplayed: user action: User_Interaction; ,Guerra Mundial Z,,Samsung 2016 Hawk-M DTV Smart TV,01:49:09,01:49:09,PE (Peru)
Magaly,2022-09-22 23:22:34,00:00:41,Autoplayed: user action: None; ,Monstruo: La historia de Jeffrey Dahmer (Clip 2): DAHMER,HOOK,Samsung 2016 Hawk-M DTV Smart TV,00:00:41,00:00:41,PE (Peru)
Magaly,2022-09-18 22:15:00,00:21:25,,Ecos: Miniserie: Incendio (Capítulo 6),,Samsung CE 2020 Kant-S2 UHD TV Smart TV,00:21:30,00:21:30,PE (Peru)
Magaly,2022-09-18 21:31:28,00:43:24,Autoplayed: user action: User_Interaction; ,Ecos: Miniserie: Gina (Capítulo 5),,Samsung CE 2020 Kant-S2 UHD TV Smart TV,00:48:16,00:48:16,PE (Peru)
Magaly,2022-09-18 21:31:04,00:00:05,Autoplayed: user action: None; ,Miniserie (Clip): Desaparecida en Lørenskog,HOOK,Samsung CE 2020 Kant-S2 UHD TV Smart TV,00:00:05,00:00:05,PE (Peru)
Magaly,2022-09-18 00:42:11,00:04:51,,Ecos: Miniserie: Gina (Capítulo 5),,Samsung CE 2020 Kant-S2 UHD TV Smart TV,00:04:56,Not latest view,PE (Peru)
Magaly,2022-09-18 00:14:09,00:27:59,Autoplayed: user action: User_Interaction; ,Ecos: Miniserie: Cuerpo (Capítulo 4),,Samsung CE 2020 Kant-S2 UHD TV Smart TV,00:39:10,00:39:10,PE (Peru)
Magaly,2022-09-17 22:14:15,00:11:08,,Ecos: Miniserie: Cuerpo (Capítulo 4),,Samsung CE 2020 Kant-S2 UHD TV Smart TV,00:11:13,Not latest view,PE (Peru)
Magaly,2022-09-17 21:32:08,00:42:05,,Ecos: Miniserie: Fiesta (Capítulo 3),,Samsung CE 2020 Kant-S2 UHD TV Smart TV,00:42:10,00:42:10,PE (Peru)
Magaly,2022-09-17 20:04:44,00:51:41,Autoplayed: user action: User_Interaction; ,Ecos: Miniserie: Cumpleaños (Capítulo 2),,Samsung CE 2020 Kant-S2 UHD TV Smart TV,00:51:47,00:51:47,PE (Peru)
Magaly,2022-09-17 19:31:31,00:31:22,Autoplayed: user action: User_Interaction; ,Ecos: Miniserie: Casa (Capítulo 1),,Samsung CE 2020 Kant-S2 UHD TV Smart TV,00:45:14,00:45:14,PE (Peru)
Magaly,2022-09-17 19:24:13,00:00:02,Autoplayed: user action: None; ,Ecos: Miniserie: Casa (Capítulo 1),,Samsung 2016 Hawk-M DTV Smart TV,00:13:56,Not latest view,PE (Peru)
Magaly,2022-09-17 19:10:00,00:13:56,Autoplayed: user action: Unspecified; ,Ecos: Miniserie: Casa (Capítulo 1),,Samsung 2016 Hawk-M DTV Smart TV,00:13:55,Not latest view,PE (Peru)
Magaly,2022-09-17 19:08:29,00:00:04,Autoplayed: user action: None; ,A través de mi ventana,,Samsung 2016 Hawk-M DTV Smart TV,00:00:04,00:00:04,PE (Peru)
Magaly,2022-09-17 18:42:45,00:02:11,,The Crown (Tráiler),TRAILER,Samsung 2016 Hawk-M DTV Smart TV,00:02:11,Not latest view,PE (Peru)
Magaly,2022-09-17 16:39:06,01:43:16,Autoplayed: user action: User_Interaction; ,Amor adulto,,Samsung 2016 Hawk-M DTV Smart TV,01:42:22,01:42:22,PE (Peru)
Magaly,2022-09-17 16:35:57,00:00:06,Autoplayed: user action: User_Interaction; ,Diario de un gigoló: Temporada 1: Episodio 4 (Capítulo 4),,Samsung 2016 Hawk-M DTV Smart TV,00:00:17,00:00:17,PE (Peru)
Magaly,2022-09-17 16:33:18,00:00:58,Autoplayed: user action: User_Interaction; ,Diario de un gigoló: Temporada 1: Episodio 3 (Capítulo 3),,Samsung 2016 Hawk-M DTV Smart TV,00:43:16,00:43:16,PE (Peru)
Magaly,2022-09-17 14:29:34,01:37:52,Autoplayed: user action: User_Interaction; ,Telaraña,,Samsung 2016 Hawk-M DTV Smart TV,01:37:54,01:37:54,PE (Peru)
Magaly,2022-09-17 09:08:34,00:00:51,,Pasión de Gavilanes: Season 1_primary_hook_16x9,HOOK,Samsung 2016 Hawk-M DTV Smart TV,00:00:51,00:00:51,PE (Peru)
Magaly,2022-09-17 09:06:33,00:01:57,,Tráiler: Final del camino,TRAILER,Samsung 2016 Hawk-M DTV Smart TV,00:01:57,00:01:57,PE (Peru)
Magaly,2022-09-17 09:03:45,00:02:45,,The Crown (Tráiler),TRAILER,Samsung 2016 Hawk-M DTV Smart TV,00:02:45,Not latest view,PE (Peru)
Magaly,2022-09-17 07:20:51,01:42:47,Autoplayed: user action: User_Interaction; ,Vuelo 93,,Samsung 2016 Hawk-M DTV Smart TV,01:42:47,01:42:47,PE (Peru)
Magaly,2022-09-17 07:09:38,00:01:01,Autoplayed: user action: None; ,Sin aliento (Clip): Sin aliento,HOOK,Samsung 2016 Hawk-M DTV Smart TV,00:01:01,00:01:01,PE (Peru)
Magaly,2022-09-16 08:11:22,00:02:27,,Tráiler: Revancha ya,TRAILER,Samsung 2016 Hawk-M DTV Smart TV,00:02:27,00:02:27,PE (Peru)
Magaly,2022-09-16 08:08:53,00:02:25,,Temporada 5 (Tráiler): Cobra Kai,TRAILER,Samsung 2016 Hawk-M DTV Smart TV,00:02:25,00:02:25,PE (Peru)
Magaly,2022-09-16 08:06:05,00:02:45,,The Crown (Tráiler),TRAILER,Samsung 2016 Hawk-M DTV Smart TV,00:02:45,Not latest view,PE (Peru)
Magaly,2022-09-16 06:23:37,01:42:22,Autoplayed: user action: User_Interaction; ,Amor adulto,,Samsung 2016 Hawk-M DTV Smart TV,01:42:22,Not latest view,PE (Peru)
Magaly,2022-09-16 06:20:48,00:00:08,Autoplayed: user action: None; ,Temporada 5 (Clip): Cobra Kai,HOOK,Samsung 2016 Hawk-M DTV Smart TV,00:00:08,00:00:08,PE (Peru)
Magaly,2022-09-14 02:57:14,00:39:25,,Diario de un gigoló: Temporada 1: Episodio 3 (Capítulo 3),,Samsung CE 2020 Kant-S2 UHD TV Smart TV,00:39:30,Not latest view,PE (Peru)
Magaly,2022-09-14 02:12:52,00:44:20,,Diario de un gigoló: Temporada 1: Episodio 2 (Capítulo 2),,Samsung CE 2020 Kant-S2 UHD TV Smart TV,00:44:25,00:44:25,PE (Peru)
Magaly,2022-09-14 01:20:16,00:52:31,,Diario de un gigoló: Temporada 1: Episodio 1 (Capítulo 1),,Samsung CE 2020 Kant-S2 UHD TV Smart TV,00:52:31,00:52:31,PE (Peru)
Magaly,2022-09-14 01:19:36,00:00:05,Autoplayed: user action: User_Interaction; ,Café con aroma de mujer: Season 1: Episode 1,,Samsung CE 2020 Kant-S2 UHD TV Smart TV,00:00:05,00:00:05,PE (Peru)
Magaly,2022-09-13 18:06:56,00:53:25,,¿...Y dónde están las rubias?,,Samsung CE 2020 Kant-S2 UHD TV Smart TV,00:53:25,00:53:25,PE (Peru)
Magaly,2022-09-13 18:06:48,00:00:06,Autoplayed: user action: None; ,White Chicks_hook_primary_16x9,HOOK,Samsung CE 2020 Kant-S2 UHD TV Smart TV,00:00:06,00:00:06,PE (Peru)
Magaly,2022-09-13 09:20:14,00:48:21,Autoplayed: user action: User_Interaction; ,El asesino del nudo,,Samsung 2016 Hawk-M DTV Smart TV,00:48:21,00:48:21,PE (Peru)
Magaly,2022-09-13 09:19:24,00:00:01,Autoplayed: user action: None; ,"Hola, adiós y todo lo que pasó",,Samsung 2016 Hawk-M DTV Smart TV,00:00:01,00:00:01,PE (Peru)
Magaly,2022-09-13 09:18:36,00:00:04,Autoplayed: user action: None; ,Tu hijo,,Samsung 2016 Hawk-M DTV Smart TV,00:00:04,00:00:04,PE (Peru)
Magaly,2022-09-13 09:18:10,00:00:05,Autoplayed: user action: None; ,En silencio,,Samsung 2016 Hawk-M DTV Smart TV,00:00:05,00:00:05,PE (Peru)
Magaly,2022-09-13 09:17:45,00:00:08,Autoplayed: user action: None; ,El caso Hartung: Temporada 1: Episodio 1 (Capítulo 1),,Samsung 2016 Hawk-M DTV Smart TV,00:00:08,00:00:08,PE (Peru)
Magaly,2022-09-13 09:13:21,00:00:13,Autoplayed: user action: None; ,Entre la vida y la muerte,,Samsung 2016 Hawk-M DTV Smart TV,00:00:13,00:00:13,PE (Peru)
Magaly,2022-09-13 09:13:00,00:00:05,Autoplayed: user action: None; ,Premoniciones,,Samsung 2016 Hawk-M DTV Smart TV,00:00:05,00:00:05,PE (Peru)
Magaly,2022-09-13 09:11:31,00:00:07,Autoplayed: user action: None; ,Gladbeck: El drama de los rehenes,,Samsung 2016 Hawk-M DTV Smart TV,00:00:07,00:00:07,PE (Peru)
Magaly,2022-09-13 09:09:50,00:00:04,Autoplayed: user action: None; ,Manifiesto: Temporada 1: Piloto (Capítulo 1),,Samsung 2016 Hawk-M DTV Smart TV,00:00:04,00:00:04,PE (Peru)
Magaly,2022-09-13 09:08:52,00:00:28,Autoplayed: user action: None; ,Temporada 5 (Clip): Cobra Kai,HOOK,Samsung 2016 Hawk-M DTV Smart TV,00:00:28,Not latest view,PE (Peru)
Magaly,2022-09-13 09:08:31,00:00:08,Autoplayed: user action: None; ,Temporada 5 (Clip): Cobra Kai,HOOK,Samsung 2016 Hawk-M DTV Smart TV,00:00:08,Not latest view,PE (Peru)
